--------------------------------------------------------
--  File created - œroda-czerwca-03-2020   
--------------------------------------------------------
--------------------------------------------------------
--  DDL for Table CHARGES
--------------------------------------------------------

  CREATE TABLE "AQUAPARK"."CHARGES" 
   (	"ID" NUMBER, 
	"AMOUNT" FLOAT(126), 
	"WATCHID" NUMBER
   ) SEGMENT CREATION IMMEDIATE 
  PCTFREE 10 PCTUSED 40 INITRANS 1 MAXTRANS 255 
 NOCOMPRESS LOGGING
  STORAGE(INITIAL 65536 NEXT 1048576 MINEXTENTS 1 MAXEXTENTS 2147483645
  PCTINCREASE 0 FREELISTS 1 FREELIST GROUPS 1
  BUFFER_POOL DEFAULT FLASH_CACHE DEFAULT CELL_FLASH_CACHE DEFAULT)
  TABLESPACE "USERS" ;
--------------------------------------------------------
--  DDL for Table CUSTOMERS
--------------------------------------------------------

  CREATE TABLE "AQUAPARK"."CUSTOMERS" 
   (	"ID" NUMBER, 
	"FIRSTNAME" VARCHAR2(50 BYTE), 
	"LASTNAME" VARCHAR2(50 BYTE), 
	"DISCOUNTID" NUMBER
   ) SEGMENT CREATION IMMEDIATE 
  PCTFREE 10 PCTUSED 40 INITRANS 1 MAXTRANS 255 
 NOCOMPRESS LOGGING
  STORAGE(INITIAL 65536 NEXT 1048576 MINEXTENTS 1 MAXEXTENTS 2147483645
  PCTINCREASE 0 FREELISTS 1 FREELIST GROUPS 1
  BUFFER_POOL DEFAULT FLASH_CACHE DEFAULT CELL_FLASH_CACHE DEFAULT)
  TABLESPACE "USERS" ;
--------------------------------------------------------
--  DDL for Table DISCOUNTS
--------------------------------------------------------

  CREATE TABLE "AQUAPARK"."DISCOUNTS" 
   (	"ID" NUMBER, 
	"NAME" VARCHAR2(50 BYTE), 
	"AMOUNT" FLOAT(126)
   ) SEGMENT CREATION IMMEDIATE 
  PCTFREE 10 PCTUSED 40 INITRANS 1 MAXTRANS 255 
 NOCOMPRESS LOGGING
  STORAGE(INITIAL 65536 NEXT 1048576 MINEXTENTS 1 MAXEXTENTS 2147483645
  PCTINCREASE 0 FREELISTS 1 FREELIST GROUPS 1
  BUFFER_POOL DEFAULT FLASH_CACHE DEFAULT CELL_FLASH_CACHE DEFAULT)
  TABLESPACE "USERS" ;
--------------------------------------------------------
--  DDL for Table ENTRANCEMETHOD
--------------------------------------------------------

  CREATE TABLE "AQUAPARK"."ENTRANCEMETHOD" 
   (	"ID" NUMBER, 
	"NAME" VARCHAR2(60 BYTE)
   ) SEGMENT CREATION IMMEDIATE 
  PCTFREE 10 PCTUSED 40 INITRANS 1 MAXTRANS 255 
 NOCOMPRESS LOGGING
  STORAGE(INITIAL 65536 NEXT 1048576 MINEXTENTS 1 MAXEXTENTS 2147483645
  PCTINCREASE 0 FREELISTS 1 FREELIST GROUPS 1
  BUFFER_POOL DEFAULT FLASH_CACHE DEFAULT CELL_FLASH_CACHE DEFAULT)
  TABLESPACE "USERS" ;
--------------------------------------------------------
--  DDL for Table ENTRANCES
--------------------------------------------------------

  CREATE TABLE "AQUAPARK"."ENTRANCES" 
   (	"ID" NUMBER, 
	"WATCHID" NUMBER, 
	"ENTRANCEMETHODID" NUMBER, 
	"TIME" TIMESTAMP (6), 
	"CUSTOMERID" NUMBER, 
	"HOURS" NUMBER
   ) SEGMENT CREATION IMMEDIATE 
  PCTFREE 10 PCTUSED 40 INITRANS 1 MAXTRANS 255 
 NOCOMPRESS LOGGING
  STORAGE(INITIAL 65536 NEXT 1048576 MINEXTENTS 1 MAXEXTENTS 2147483645
  PCTINCREASE 0 FREELISTS 1 FREELIST GROUPS 1
  BUFFER_POOL DEFAULT FLASH_CACHE DEFAULT CELL_FLASH_CACHE DEFAULT)
  TABLESPACE "USERS" ;
--------------------------------------------------------
--  DDL for Table EXITS
--------------------------------------------------------

  CREATE TABLE "AQUAPARK"."EXITS" 
   (	"ID" NUMBER, 
	"WATCHID" NUMBER, 
	"TIME" TIMESTAMP (6)
   ) SEGMENT CREATION IMMEDIATE 
  PCTFREE 10 PCTUSED 40 INITRANS 1 MAXTRANS 255 
 NOCOMPRESS LOGGING
  STORAGE(INITIAL 65536 NEXT 1048576 MINEXTENTS 1 MAXEXTENTS 2147483645
  PCTINCREASE 0 FREELISTS 1 FREELIST GROUPS 1
  BUFFER_POOL DEFAULT FLASH_CACHE DEFAULT CELL_FLASH_CACHE DEFAULT)
  TABLESPACE "USERS" ;
--------------------------------------------------------
--  DDL for Table SERVICES
--------------------------------------------------------

  CREATE TABLE "AQUAPARK"."SERVICES" 
   (	"ID" NUMBER, 
	"NAME" VARCHAR2(60 BYTE), 
	"PRICEPERHOUR" NUMBER, 
	"PRICEPERMINUTE" NUMBER, 
	"ENTRANCEMETHODID" NUMBER(*,0)
   ) SEGMENT CREATION IMMEDIATE 
  PCTFREE 10 PCTUSED 40 INITRANS 1 MAXTRANS 255 
 NOCOMPRESS LOGGING
  STORAGE(INITIAL 65536 NEXT 1048576 MINEXTENTS 1 MAXEXTENTS 2147483645
  PCTINCREASE 0 FREELISTS 1 FREELIST GROUPS 1
  BUFFER_POOL DEFAULT FLASH_CACHE DEFAULT CELL_FLASH_CACHE DEFAULT)
  TABLESPACE "USERS" ;
--------------------------------------------------------
--  DDL for Table TRANSACTIONS
--------------------------------------------------------

  CREATE TABLE "AQUAPARK"."TRANSACTIONS" 
   (	"ID" NUMBER, 
	"SERVICEID" NUMBER, 
	"TRANSACTIONTYPEID" NUMBER, 
	"WATCHID" NUMBER, 
	"TIME" TIMESTAMP (6)
   ) SEGMENT CREATION IMMEDIATE 
  PCTFREE 10 PCTUSED 40 INITRANS 1 MAXTRANS 255 
 NOCOMPRESS LOGGING
  STORAGE(INITIAL 65536 NEXT 1048576 MINEXTENTS 1 MAXEXTENTS 2147483645
  PCTINCREASE 0 FREELISTS 1 FREELIST GROUPS 1
  BUFFER_POOL DEFAULT FLASH_CACHE DEFAULT CELL_FLASH_CACHE DEFAULT)
  TABLESPACE "USERS" ;
--------------------------------------------------------
--  DDL for Table TRANSACTIONTYPES
--------------------------------------------------------

  CREATE TABLE "AQUAPARK"."TRANSACTIONTYPES" 
   (	"ID" NUMBER, 
	"NAME" VARCHAR2(30 BYTE)
   ) SEGMENT CREATION IMMEDIATE 
  PCTFREE 10 PCTUSED 40 INITRANS 1 MAXTRANS 255 
 NOCOMPRESS LOGGING
  STORAGE(INITIAL 65536 NEXT 1048576 MINEXTENTS 1 MAXEXTENTS 2147483645
  PCTINCREASE 0 FREELISTS 1 FREELIST GROUPS 1
  BUFFER_POOL DEFAULT FLASH_CACHE DEFAULT CELL_FLASH_CACHE DEFAULT)
  TABLESPACE "USERS" ;
--------------------------------------------------------
--  DDL for Table VISITS
--------------------------------------------------------

  CREATE TABLE "AQUAPARK"."VISITS" 
   (	"ID" NUMBER(*,0), 
	"WATCHID" NUMBER(*,0), 
	"CUSTOMERID" NUMBER(*,0), 
	"SERVICEID" NUMBER(*,0), 
	"EXITPAYMENT" NUMBER(*,0)
   ) SEGMENT CREATION IMMEDIATE 
  PCTFREE 10 PCTUSED 40 INITRANS 1 MAXTRANS 255 
 NOCOMPRESS LOGGING
  STORAGE(INITIAL 65536 NEXT 1048576 MINEXTENTS 1 MAXEXTENTS 2147483645
  PCTINCREASE 0 FREELISTS 1 FREELIST GROUPS 1
  BUFFER_POOL DEFAULT FLASH_CACHE DEFAULT CELL_FLASH_CACHE DEFAULT)
  TABLESPACE "USERS" ;
--------------------------------------------------------
--  DDL for Table WATCHES
--------------------------------------------------------

  CREATE TABLE "AQUAPARK"."WATCHES" 
   (	"ID" NUMBER, 
	"CUSTOMERID" NUMBER, 
	"SERVICEID" NUMBER
   ) SEGMENT CREATION IMMEDIATE 
  PCTFREE 10 PCTUSED 40 INITRANS 1 MAXTRANS 255 
 NOCOMPRESS LOGGING
  STORAGE(INITIAL 65536 NEXT 1048576 MINEXTENTS 1 MAXEXTENTS 2147483645
  PCTINCREASE 0 FREELISTS 1 FREELIST GROUPS 1
  BUFFER_POOL DEFAULT FLASH_CACHE DEFAULT CELL_FLASH_CACHE DEFAULT)
  TABLESPACE "USERS" ;
REM INSERTING into AQUAPARK.CHARGES
SET DEFINE OFF;
Insert into AQUAPARK.CHARGES (ID,AMOUNT,WATCHID) values ('1','24','4');
Insert into AQUAPARK.CHARGES (ID,AMOUNT,WATCHID) values ('3','12','6');
Insert into AQUAPARK.CHARGES (ID,AMOUNT,WATCHID) values ('11','12','14');
Insert into AQUAPARK.CHARGES (ID,AMOUNT,WATCHID) values ('12','24','15');
Insert into AQUAPARK.CHARGES (ID,AMOUNT,WATCHID) values ('13','24','16');
Insert into AQUAPARK.CHARGES (ID,AMOUNT,WATCHID) values ('2','24','5');
Insert into AQUAPARK.CHARGES (ID,AMOUNT,WATCHID) values ('4','12','7');
Insert into AQUAPARK.CHARGES (ID,AMOUNT,WATCHID) values ('5','24','8');
Insert into AQUAPARK.CHARGES (ID,AMOUNT,WATCHID) values ('6','24','9');
Insert into AQUAPARK.CHARGES (ID,AMOUNT,WATCHID) values ('7','24','10');
Insert into AQUAPARK.CHARGES (ID,AMOUNT,WATCHID) values ('8','24','11');
Insert into AQUAPARK.CHARGES (ID,AMOUNT,WATCHID) values ('9','24','12');
Insert into AQUAPARK.CHARGES (ID,AMOUNT,WATCHID) values ('10','24','13');
Insert into AQUAPARK.CHARGES (ID,AMOUNT,WATCHID) values ('14','24','17');
Insert into AQUAPARK.CHARGES (ID,AMOUNT,WATCHID) values ('15','24','18');
Insert into AQUAPARK.CHARGES (ID,AMOUNT,WATCHID) values ('23','24','28');
Insert into AQUAPARK.CHARGES (ID,AMOUNT,WATCHID) values ('38','12','40');
Insert into AQUAPARK.CHARGES (ID,AMOUNT,WATCHID) values ('39','6','41');
Insert into AQUAPARK.CHARGES (ID,AMOUNT,WATCHID) values ('18','24','21');
Insert into AQUAPARK.CHARGES (ID,AMOUNT,WATCHID) values ('16','24','19');
Insert into AQUAPARK.CHARGES (ID,AMOUNT,WATCHID) values ('17','24','20');
Insert into AQUAPARK.CHARGES (ID,AMOUNT,WATCHID) values ('19','24','22');
Insert into AQUAPARK.CHARGES (ID,AMOUNT,WATCHID) values ('20','24','25');
Insert into AQUAPARK.CHARGES (ID,AMOUNT,WATCHID) values ('21','24','26');
Insert into AQUAPARK.CHARGES (ID,AMOUNT,WATCHID) values ('22','24','27');
Insert into AQUAPARK.CHARGES (ID,AMOUNT,WATCHID) values ('24','24','29');
Insert into AQUAPARK.CHARGES (ID,AMOUNT,WATCHID) values ('25','24','30');
Insert into AQUAPARK.CHARGES (ID,AMOUNT,WATCHID) values ('26','0','30');
Insert into AQUAPARK.CHARGES (ID,AMOUNT,WATCHID) values ('27','24','31');
Insert into AQUAPARK.CHARGES (ID,AMOUNT,WATCHID) values ('28','0','31');
Insert into AQUAPARK.CHARGES (ID,AMOUNT,WATCHID) values ('29','24','32');
Insert into AQUAPARK.CHARGES (ID,AMOUNT,WATCHID) values ('30','1','32');
Insert into AQUAPARK.CHARGES (ID,AMOUNT,WATCHID) values ('31','12','33');
Insert into AQUAPARK.CHARGES (ID,AMOUNT,WATCHID) values ('32','24','34');
Insert into AQUAPARK.CHARGES (ID,AMOUNT,WATCHID) values ('33','24','35');
Insert into AQUAPARK.CHARGES (ID,AMOUNT,WATCHID) values ('34','0','35');
Insert into AQUAPARK.CHARGES (ID,AMOUNT,WATCHID) values ('35','0','35');
Insert into AQUAPARK.CHARGES (ID,AMOUNT,WATCHID) values ('36','0','35');
Insert into AQUAPARK.CHARGES (ID,AMOUNT,WATCHID) values ('37','0','35');
Insert into AQUAPARK.CHARGES (ID,AMOUNT,WATCHID) values ('40','12','42');
REM INSERTING into AQUAPARK.CUSTOMERS
SET DEFINE OFF;
Insert into AQUAPARK.CUSTOMERS (ID,FIRSTNAME,LASTNAME,DISCOUNTID) values ('4','dasda','dsadas','1');
Insert into AQUAPARK.CUSTOMERS (ID,FIRSTNAME,LASTNAME,DISCOUNTID) values ('3','dasdsa','ddasd','1');
Insert into AQUAPARK.CUSTOMERS (ID,FIRSTNAME,LASTNAME,DISCOUNTID) values ('6','Tomko','Zawadzki','1');
Insert into AQUAPARK.CUSTOMERS (ID,FIRSTNAME,LASTNAME,DISCOUNTID) values ('14','Tomasz','Zawadzki','1');
Insert into AQUAPARK.CUSTOMERS (ID,FIRSTNAME,LASTNAME,DISCOUNTID) values ('15','Tomasz','Zawadzki','1');
Insert into AQUAPARK.CUSTOMERS (ID,FIRSTNAME,LASTNAME,DISCOUNTID) values ('16','Tomasz','Zawadzki','1');
Insert into AQUAPARK.CUSTOMERS (ID,FIRSTNAME,LASTNAME,DISCOUNTID) values ('1','Tomasz','Zaawadzki2','1');
Insert into AQUAPARK.CUSTOMERS (ID,FIRSTNAME,LASTNAME,DISCOUNTID) values ('2','fafa','fafa','1');
Insert into AQUAPARK.CUSTOMERS (ID,FIRSTNAME,LASTNAME,DISCOUNTID) values ('5','Tomasz','Zawadzki','1');
Insert into AQUAPARK.CUSTOMERS (ID,FIRSTNAME,LASTNAME,DISCOUNTID) values ('7','Tomasz','Zawadzki','1');
Insert into AQUAPARK.CUSTOMERS (ID,FIRSTNAME,LASTNAME,DISCOUNTID) values ('8','dasda','dasda','1');
Insert into AQUAPARK.CUSTOMERS (ID,FIRSTNAME,LASTNAME,DISCOUNTID) values ('9','dasd','adsd','1');
Insert into AQUAPARK.CUSTOMERS (ID,FIRSTNAME,LASTNAME,DISCOUNTID) values ('10','dasdsa','das','1');
Insert into AQUAPARK.CUSTOMERS (ID,FIRSTNAME,LASTNAME,DISCOUNTID) values ('11','dsad','asdas','1');
Insert into AQUAPARK.CUSTOMERS (ID,FIRSTNAME,LASTNAME,DISCOUNTID) values ('12','dasd','dasda','1');
Insert into AQUAPARK.CUSTOMERS (ID,FIRSTNAME,LASTNAME,DISCOUNTID) values ('13','dsada','dsadsa','1');
Insert into AQUAPARK.CUSTOMERS (ID,FIRSTNAME,LASTNAME,DISCOUNTID) values ('17','Tomasz','Zawadzki','1');
Insert into AQUAPARK.CUSTOMERS (ID,FIRSTNAME,LASTNAME,DISCOUNTID) values ('18','dasa','dasd','1');
Insert into AQUAPARK.CUSTOMERS (ID,FIRSTNAME,LASTNAME,DISCOUNTID) values ('28','Tomasz','Zawadzki','1');
Insert into AQUAPARK.CUSTOMERS (ID,FIRSTNAME,LASTNAME,DISCOUNTID) values ('40','DSASD','DSADSA','1');
Insert into AQUAPARK.CUSTOMERS (ID,FIRSTNAME,LASTNAME,DISCOUNTID) values ('41','dasddasd','ad','1');
Insert into AQUAPARK.CUSTOMERS (ID,FIRSTNAME,LASTNAME,DISCOUNTID) values ('42','Tomasz','Zawadzki','1');
Insert into AQUAPARK.CUSTOMERS (ID,FIRSTNAME,LASTNAME,DISCOUNTID) values ('19','Tomasz','Zawadzki','1');
Insert into AQUAPARK.CUSTOMERS (ID,FIRSTNAME,LASTNAME,DISCOUNTID) values ('20','Tomasz','Zawadzki','1');
Insert into AQUAPARK.CUSTOMERS (ID,FIRSTNAME,LASTNAME,DISCOUNTID) values ('21','Tomasz','Zawadzki','1');
Insert into AQUAPARK.CUSTOMERS (ID,FIRSTNAME,LASTNAME,DISCOUNTID) values ('22','Tomasz','Zawadzki','1');
Insert into AQUAPARK.CUSTOMERS (ID,FIRSTNAME,LASTNAME,DISCOUNTID) values ('23','Tomasz','Zawadzki','1');
Insert into AQUAPARK.CUSTOMERS (ID,FIRSTNAME,LASTNAME,DISCOUNTID) values ('24','Tomasz','Zawadzki','1');
Insert into AQUAPARK.CUSTOMERS (ID,FIRSTNAME,LASTNAME,DISCOUNTID) values ('25','Tomasz','Zawadzki','1');
Insert into AQUAPARK.CUSTOMERS (ID,FIRSTNAME,LASTNAME,DISCOUNTID) values ('26','dasdas','dasdas','1');
Insert into AQUAPARK.CUSTOMERS (ID,FIRSTNAME,LASTNAME,DISCOUNTID) values ('27','Tomasz','Zawadzki','1');
Insert into AQUAPARK.CUSTOMERS (ID,FIRSTNAME,LASTNAME,DISCOUNTID) values ('29','Tomasz','Zawadzki','1');
Insert into AQUAPARK.CUSTOMERS (ID,FIRSTNAME,LASTNAME,DISCOUNTID) values ('30','Tomasz','Zawadzki','1');
Insert into AQUAPARK.CUSTOMERS (ID,FIRSTNAME,LASTNAME,DISCOUNTID) values ('31','tomko','zaw2','1');
Insert into AQUAPARK.CUSTOMERS (ID,FIRSTNAME,LASTNAME,DISCOUNTID) values ('32','Tomasz','Zawadzki','1');
Insert into AQUAPARK.CUSTOMERS (ID,FIRSTNAME,LASTNAME,DISCOUNTID) values ('33','koko ','jumbo','1');
Insert into AQUAPARK.CUSTOMERS (ID,FIRSTNAME,LASTNAME,DISCOUNTID) values ('34','Tomasz','Zawadzki','1');
Insert into AQUAPARK.CUSTOMERS (ID,FIRSTNAME,LASTNAME,DISCOUNTID) values ('35','Tomasz','Zawadzki','1');
Insert into AQUAPARK.CUSTOMERS (ID,FIRSTNAME,LASTNAME,DISCOUNTID) values ('36','Tomasz','Zawadzki','1');
Insert into AQUAPARK.CUSTOMERS (ID,FIRSTNAME,LASTNAME,DISCOUNTID) values ('37','DSADSA','DSADA','1');
Insert into AQUAPARK.CUSTOMERS (ID,FIRSTNAME,LASTNAME,DISCOUNTID) values ('38','dsada','dasdsa','1');
Insert into AQUAPARK.CUSTOMERS (ID,FIRSTNAME,LASTNAME,DISCOUNTID) values ('39','dsada','dasad2','1');
Insert into AQUAPARK.CUSTOMERS (ID,FIRSTNAME,LASTNAME,DISCOUNTID) values ('43','dsadsa','dasdsa','1');
REM INSERTING into AQUAPARK.DISCOUNTS
SET DEFINE OFF;
Insert into AQUAPARK.DISCOUNTS (ID,NAME,AMOUNT) values ('1','Student','0,5');
Insert into AQUAPARK.DISCOUNTS (ID,NAME,AMOUNT) values ('2','Pracownik','0,3');
Insert into AQUAPARK.DISCOUNTS (ID,NAME,AMOUNT) values ('3','Dziecko','0,7');
REM INSERTING into AQUAPARK.ENTRANCEMETHOD
SET DEFINE OFF;
Insert into AQUAPARK.ENTRANCEMETHOD (ID,NAME) values ('1','Gotówka');
REM INSERTING into AQUAPARK.ENTRANCES
SET DEFINE OFF;
Insert into AQUAPARK.ENTRANCES (ID,WATCHID,ENTRANCEMETHODID,TIME,CUSTOMERID,HOURS) values ('3','3','1',to_timestamp('20/05/29 20:51:31,000000000','RR/MM/DD HH24:MI:SSXFF'),'3','2');
Insert into AQUAPARK.ENTRANCES (ID,WATCHID,ENTRANCEMETHODID,TIME,CUSTOMERID,HOURS) values ('4','4','1',to_timestamp('20/05/29 20:54:10,000000000','RR/MM/DD HH24:MI:SSXFF'),'4','2');
Insert into AQUAPARK.ENTRANCES (ID,WATCHID,ENTRANCEMETHODID,TIME,CUSTOMERID,HOURS) values ('6','6','1',to_timestamp('20/05/29 21:21:05,000000000','RR/MM/DD HH24:MI:SSXFF'),'6','1');
Insert into AQUAPARK.ENTRANCES (ID,WATCHID,ENTRANCEMETHODID,TIME,CUSTOMERID,HOURS) values ('14','14','1',to_timestamp('20/05/29 22:08:11,000000000','RR/MM/DD HH24:MI:SSXFF'),'14','1');
Insert into AQUAPARK.ENTRANCES (ID,WATCHID,ENTRANCEMETHODID,TIME,CUSTOMERID,HOURS) values ('15','15','1',to_timestamp('20/05/29 22:08:56,000000000','RR/MM/DD HH24:MI:SSXFF'),'15','2');
Insert into AQUAPARK.ENTRANCES (ID,WATCHID,ENTRANCEMETHODID,TIME,CUSTOMERID,HOURS) values ('16','16','1',to_timestamp('20/05/29 22:09:47,000000000','RR/MM/DD HH24:MI:SSXFF'),'16','2');
Insert into AQUAPARK.ENTRANCES (ID,WATCHID,ENTRANCEMETHODID,TIME,CUSTOMERID,HOURS) values ('5','5','1',to_timestamp('20/05/29 21:05:32,000000000','RR/MM/DD HH24:MI:SSXFF'),'5','2');
Insert into AQUAPARK.ENTRANCES (ID,WATCHID,ENTRANCEMETHODID,TIME,CUSTOMERID,HOURS) values ('7','7','1',to_timestamp('20/05/29 21:23:26,000000000','RR/MM/DD HH24:MI:SSXFF'),'7','1');
Insert into AQUAPARK.ENTRANCES (ID,WATCHID,ENTRANCEMETHODID,TIME,CUSTOMERID,HOURS) values ('8','8','1',to_timestamp('20/05/29 21:26:19,000000000','RR/MM/DD HH24:MI:SSXFF'),'8','2');
Insert into AQUAPARK.ENTRANCES (ID,WATCHID,ENTRANCEMETHODID,TIME,CUSTOMERID,HOURS) values ('1','1','1',to_timestamp('20/05/29 20:46:41,000000000','RR/MM/DD HH24:MI:SSXFF'),'1','2');
Insert into AQUAPARK.ENTRANCES (ID,WATCHID,ENTRANCEMETHODID,TIME,CUSTOMERID,HOURS) values ('2','2','1',to_timestamp('20/05/29 20:50:52,000000000','RR/MM/DD HH24:MI:SSXFF'),'2','2');
Insert into AQUAPARK.ENTRANCES (ID,WATCHID,ENTRANCEMETHODID,TIME,CUSTOMERID,HOURS) values ('9','9','1',to_timestamp('20/05/29 21:29:21,000000000','RR/MM/DD HH24:MI:SSXFF'),'9','2');
Insert into AQUAPARK.ENTRANCES (ID,WATCHID,ENTRANCEMETHODID,TIME,CUSTOMERID,HOURS) values ('10','10','1',to_timestamp('20/05/29 21:30:25,000000000','RR/MM/DD HH24:MI:SSXFF'),'10','2');
Insert into AQUAPARK.ENTRANCES (ID,WATCHID,ENTRANCEMETHODID,TIME,CUSTOMERID,HOURS) values ('11','11','1',to_timestamp('20/05/29 21:30:44,000000000','RR/MM/DD HH24:MI:SSXFF'),'11','2');
Insert into AQUAPARK.ENTRANCES (ID,WATCHID,ENTRANCEMETHODID,TIME,CUSTOMERID,HOURS) values ('12','12','1',to_timestamp('20/05/29 21:32:35,000000000','RR/MM/DD HH24:MI:SSXFF'),'12','2');
Insert into AQUAPARK.ENTRANCES (ID,WATCHID,ENTRANCEMETHODID,TIME,CUSTOMERID,HOURS) values ('13','13','1',to_timestamp('20/05/29 21:35:28,000000000','RR/MM/DD HH24:MI:SSXFF'),'13','2');
Insert into AQUAPARK.ENTRANCES (ID,WATCHID,ENTRANCEMETHODID,TIME,CUSTOMERID,HOURS) values ('17','17','1',to_timestamp('20/05/29 22:10:19,000000000','RR/MM/DD HH24:MI:SSXFF'),'17','2');
Insert into AQUAPARK.ENTRANCES (ID,WATCHID,ENTRANCEMETHODID,TIME,CUSTOMERID,HOURS) values ('18','18','1',to_timestamp('20/05/29 22:11:18,000000000','RR/MM/DD HH24:MI:SSXFF'),'18','2');
Insert into AQUAPARK.ENTRANCES (ID,WATCHID,ENTRANCEMETHODID,TIME,CUSTOMERID,HOURS) values ('27','28','1',to_timestamp('20/06/03 22:07:33,000000000','RR/MM/DD HH24:MI:SSXFF'),'28','2');
Insert into AQUAPARK.ENTRANCES (ID,WATCHID,ENTRANCEMETHODID,TIME,CUSTOMERID,HOURS) values ('39','40','1',to_timestamp('20/06/03 23:02:20,000000000','RR/MM/DD HH24:MI:SSXFF'),'40','2');
Insert into AQUAPARK.ENTRANCES (ID,WATCHID,ENTRANCEMETHODID,TIME,CUSTOMERID,HOURS) values ('40','41','1',to_timestamp('20/06/03 23:03:08,000000000','RR/MM/DD HH24:MI:SSXFF'),'41','1');
Insert into AQUAPARK.ENTRANCES (ID,WATCHID,ENTRANCEMETHODID,TIME,CUSTOMERID,HOURS) values ('21','21','1',to_timestamp('20/06/03 22:00:15,000000000','RR/MM/DD HH24:MI:SSXFF'),'21','2');
Insert into AQUAPARK.ENTRANCES (ID,WATCHID,ENTRANCEMETHODID,TIME,CUSTOMERID,HOURS) values ('19','19','1',to_timestamp('20/06/03 21:23:38,000000000','RR/MM/DD HH24:MI:SSXFF'),'19','2');
Insert into AQUAPARK.ENTRANCES (ID,WATCHID,ENTRANCEMETHODID,TIME,CUSTOMERID,HOURS) values ('20','20','1',to_timestamp('20/06/03 21:27:22,000000000','RR/MM/DD HH24:MI:SSXFF'),'20','2');
Insert into AQUAPARK.ENTRANCES (ID,WATCHID,ENTRANCEMETHODID,TIME,CUSTOMERID,HOURS) values ('22','22','1',to_timestamp('20/06/03 22:02:14,000000000','RR/MM/DD HH24:MI:SSXFF'),'22','2');
Insert into AQUAPARK.ENTRANCES (ID,WATCHID,ENTRANCEMETHODID,TIME,CUSTOMERID,HOURS) values ('23','23','1',to_timestamp('20/06/03 22:03:46,000000000','RR/MM/DD HH24:MI:SSXFF'),'23','2');
Insert into AQUAPARK.ENTRANCES (ID,WATCHID,ENTRANCEMETHODID,TIME,CUSTOMERID,HOURS) values ('24','25','1',to_timestamp('20/06/03 22:05:08,000000000','RR/MM/DD HH24:MI:SSXFF'),'25','2');
Insert into AQUAPARK.ENTRANCES (ID,WATCHID,ENTRANCEMETHODID,TIME,CUSTOMERID,HOURS) values ('25','26','1',to_timestamp('20/06/03 22:06:11,000000000','RR/MM/DD HH24:MI:SSXFF'),'26','2');
Insert into AQUAPARK.ENTRANCES (ID,WATCHID,ENTRANCEMETHODID,TIME,CUSTOMERID,HOURS) values ('26','27','1',to_timestamp('20/06/03 22:06:56,000000000','RR/MM/DD HH24:MI:SSXFF'),'27','2');
Insert into AQUAPARK.ENTRANCES (ID,WATCHID,ENTRANCEMETHODID,TIME,CUSTOMERID,HOURS) values ('28','29','1',to_timestamp('20/06/03 22:09:37,000000000','RR/MM/DD HH24:MI:SSXFF'),'29','2');
Insert into AQUAPARK.ENTRANCES (ID,WATCHID,ENTRANCEMETHODID,TIME,CUSTOMERID,HOURS) values ('29','30','1',to_timestamp('20/06/03 22:11:55,000000000','RR/MM/DD HH24:MI:SSXFF'),'30','2');
Insert into AQUAPARK.ENTRANCES (ID,WATCHID,ENTRANCEMETHODID,TIME,CUSTOMERID,HOURS) values ('30','31','1',to_timestamp('20/06/03 22:13:11,000000000','RR/MM/DD HH24:MI:SSXFF'),'31','2');
Insert into AQUAPARK.ENTRANCES (ID,WATCHID,ENTRANCEMETHODID,TIME,CUSTOMERID,HOURS) values ('31','32','1',to_timestamp('20/06/03 22:17:56,000000000','RR/MM/DD HH24:MI:SSXFF'),'32','2');
Insert into AQUAPARK.ENTRANCES (ID,WATCHID,ENTRANCEMETHODID,TIME,CUSTOMERID,HOURS) values ('32','33','1',to_timestamp('20/06/03 22:45:47,000000000','RR/MM/DD HH24:MI:SSXFF'),'33','1');
Insert into AQUAPARK.ENTRANCES (ID,WATCHID,ENTRANCEMETHODID,TIME,CUSTOMERID,HOURS) values ('33','34','1',to_timestamp('20/06/03 22:50:01,000000000','RR/MM/DD HH24:MI:SSXFF'),'34','2');
Insert into AQUAPARK.ENTRANCES (ID,WATCHID,ENTRANCEMETHODID,TIME,CUSTOMERID,HOURS) values ('34','35','1',to_timestamp('20/06/03 22:52:04,000000000','RR/MM/DD HH24:MI:SSXFF'),'35','2');
Insert into AQUAPARK.ENTRANCES (ID,WATCHID,ENTRANCEMETHODID,TIME,CUSTOMERID,HOURS) values ('35','36','1',to_timestamp('20/06/03 22:59:01,000000000','RR/MM/DD HH24:MI:SSXFF'),'36','2');
Insert into AQUAPARK.ENTRANCES (ID,WATCHID,ENTRANCEMETHODID,TIME,CUSTOMERID,HOURS) values ('36','37','1',to_timestamp('20/06/03 22:59:42,000000000','RR/MM/DD HH24:MI:SSXFF'),'37','2');
Insert into AQUAPARK.ENTRANCES (ID,WATCHID,ENTRANCEMETHODID,TIME,CUSTOMERID,HOURS) values ('37','38','1',to_timestamp('20/06/03 23:00:19,000000000','RR/MM/DD HH24:MI:SSXFF'),'38','2');
Insert into AQUAPARK.ENTRANCES (ID,WATCHID,ENTRANCEMETHODID,TIME,CUSTOMERID,HOURS) values ('38','39','1',to_timestamp('20/06/03 23:01:03,000000000','RR/MM/DD HH24:MI:SSXFF'),'39','2');
Insert into AQUAPARK.ENTRANCES (ID,WATCHID,ENTRANCEMETHODID,TIME,CUSTOMERID,HOURS) values ('41','42','1',to_timestamp('20/06/03 23:08:48,000000000','RR/MM/DD HH24:MI:SSXFF'),'43','2');
REM INSERTING into AQUAPARK.EXITS
SET DEFINE OFF;
Insert into AQUAPARK.EXITS (ID,WATCHID,TIME) values ('1','17',to_timestamp('20/05/29 22:10:22,000000000','RR/MM/DD HH24:MI:SSXFF'));
Insert into AQUAPARK.EXITS (ID,WATCHID,TIME) values ('2','18',to_timestamp('20/05/29 22:11:21,000000000','RR/MM/DD HH24:MI:SSXFF'));
Insert into AQUAPARK.EXITS (ID,WATCHID,TIME) values ('3','42',to_timestamp('20/06/03 23:08:51,000000000','RR/MM/DD HH24:MI:SSXFF'));
REM INSERTING into AQUAPARK.SERVICES
SET DEFINE OFF;
Insert into AQUAPARK.SERVICES (ID,NAME,PRICEPERHOUR,PRICEPERMINUTE,ENTRANCEMETHODID) values ('1','Basen','12','1','1');
Insert into AQUAPARK.SERVICES (ID,NAME,PRICEPERHOUR,PRICEPERMINUTE,ENTRANCEMETHODID) values ('2','Silownia','10','0,5','1');
Insert into AQUAPARK.SERVICES (ID,NAME,PRICEPERHOUR,PRICEPERMINUTE,ENTRANCEMETHODID) values ('3','Sauny','15','1,2','1');
Insert into AQUAPARK.SERVICES (ID,NAME,PRICEPERHOUR,PRICEPERMINUTE,ENTRANCEMETHODID) values ('4','Park wodny','5','0,5','1');
Insert into AQUAPARK.SERVICES (ID,NAME,PRICEPERHOUR,PRICEPERMINUTE,ENTRANCEMETHODID) values ('5','Spoznienie','15','0,5','1');
REM INSERTING into AQUAPARK.TRANSACTIONS
SET DEFINE OFF;
Insert into AQUAPARK.TRANSACTIONS (ID,SERVICEID,TRANSACTIONTYPEID,WATCHID,TIME) values ('1','1','1','28',to_timestamp('20/06/03 22:07:41,000000000','RR/MM/DD HH24:MI:SSXFF'));
Insert into AQUAPARK.TRANSACTIONS (ID,SERVICEID,TRANSACTIONTYPEID,WATCHID,TIME) values ('2','1','1','29',to_timestamp('20/06/03 22:09:56,000000000','RR/MM/DD HH24:MI:SSXFF'));
Insert into AQUAPARK.TRANSACTIONS (ID,SERVICEID,TRANSACTIONTYPEID,WATCHID,TIME) values ('3','1','1','30',to_timestamp('20/06/03 22:12:00,000000000','RR/MM/DD HH24:MI:SSXFF'));
Insert into AQUAPARK.TRANSACTIONS (ID,SERVICEID,TRANSACTIONTYPEID,WATCHID,TIME) values ('4','1','2','30',to_timestamp('20/06/03 22:12:06,000000000','RR/MM/DD HH24:MI:SSXFF'));
Insert into AQUAPARK.TRANSACTIONS (ID,SERVICEID,TRANSACTIONTYPEID,WATCHID,TIME) values ('5','1','1','31',to_timestamp('20/06/03 22:13:12,000000000','RR/MM/DD HH24:MI:SSXFF'));
Insert into AQUAPARK.TRANSACTIONS (ID,SERVICEID,TRANSACTIONTYPEID,WATCHID,TIME) values ('6','1','2','31',to_timestamp('20/06/03 22:13:24,000000000','RR/MM/DD HH24:MI:SSXFF'));
Insert into AQUAPARK.TRANSACTIONS (ID,SERVICEID,TRANSACTIONTYPEID,WATCHID,TIME) values ('7','3','1','31',to_timestamp('20/06/03 22:13:41,000000000','RR/MM/DD HH24:MI:SSXFF'));
Insert into AQUAPARK.TRANSACTIONS (ID,SERVICEID,TRANSACTIONTYPEID,WATCHID,TIME) values ('8','3','2','31',to_timestamp('20/06/03 22:15:27,000000000','RR/MM/DD HH24:MI:SSXFF'));
Insert into AQUAPARK.TRANSACTIONS (ID,SERVICEID,TRANSACTIONTYPEID,WATCHID,TIME) values ('9','1','1','32',to_timestamp('20/06/03 22:18:00,000000000','RR/MM/DD HH24:MI:SSXFF'));
Insert into AQUAPARK.TRANSACTIONS (ID,SERVICEID,TRANSACTIONTYPEID,WATCHID,TIME) values ('10','1','2','32',to_timestamp('20/06/03 22:19:56,000000000','RR/MM/DD HH24:MI:SSXFF'));
Insert into AQUAPARK.TRANSACTIONS (ID,SERVICEID,TRANSACTIONTYPEID,WATCHID,TIME) values ('11','4','1','33',to_timestamp('20/06/03 22:45:57,000000000','RR/MM/DD HH24:MI:SSXFF'));
Insert into AQUAPARK.TRANSACTIONS (ID,SERVICEID,TRANSACTIONTYPEID,WATCHID,TIME) values ('12','1','1','34',to_timestamp('20/06/03 22:50:04,000000000','RR/MM/DD HH24:MI:SSXFF'));
Insert into AQUAPARK.TRANSACTIONS (ID,SERVICEID,TRANSACTIONTYPEID,WATCHID,TIME) values ('13','1','1','35',to_timestamp('20/06/03 22:52:07,000000000','RR/MM/DD HH24:MI:SSXFF'));
Insert into AQUAPARK.TRANSACTIONS (ID,SERVICEID,TRANSACTIONTYPEID,WATCHID,TIME) values ('14','1','2','35',to_timestamp('20/06/03 22:52:07,000000000','RR/MM/DD HH24:MI:SSXFF'));
Insert into AQUAPARK.TRANSACTIONS (ID,SERVICEID,TRANSACTIONTYPEID,WATCHID,TIME) values ('15','3','1','35',to_timestamp('20/06/03 22:52:08,000000000','RR/MM/DD HH24:MI:SSXFF'));
Insert into AQUAPARK.TRANSACTIONS (ID,SERVICEID,TRANSACTIONTYPEID,WATCHID,TIME) values ('16','3','2','35',to_timestamp('20/06/03 22:52:08,000000000','RR/MM/DD HH24:MI:SSXFF'));
Insert into AQUAPARK.TRANSACTIONS (ID,SERVICEID,TRANSACTIONTYPEID,WATCHID,TIME) values ('17','4','1','35',to_timestamp('20/06/03 22:52:09,000000000','RR/MM/DD HH24:MI:SSXFF'));
Insert into AQUAPARK.TRANSACTIONS (ID,SERVICEID,TRANSACTIONTYPEID,WATCHID,TIME) values ('18','4','2','35',to_timestamp('20/06/03 22:52:10,000000000','RR/MM/DD HH24:MI:SSXFF'));
Insert into AQUAPARK.TRANSACTIONS (ID,SERVICEID,TRANSACTIONTYPEID,WATCHID,TIME) values ('19','2','1','35',to_timestamp('20/06/03 22:52:11,000000000','RR/MM/DD HH24:MI:SSXFF'));
Insert into AQUAPARK.TRANSACTIONS (ID,SERVICEID,TRANSACTIONTYPEID,WATCHID,TIME) values ('20','2','2','35',to_timestamp('20/06/03 22:52:11,000000000','RR/MM/DD HH24:MI:SSXFF'));
REM INSERTING into AQUAPARK.TRANSACTIONTYPES
SET DEFINE OFF;
Insert into AQUAPARK.TRANSACTIONTYPES (ID,NAME) values ('1','WEJSCIE');
Insert into AQUAPARK.TRANSACTIONTYPES (ID,NAME) values ('2','WYJSCIE');
REM INSERTING into AQUAPARK.VISITS
SET DEFINE OFF;
Insert into AQUAPARK.VISITS (ID,WATCHID,CUSTOMERID,SERVICEID,EXITPAYMENT) values ('1','18','18','1','24');
Insert into AQUAPARK.VISITS (ID,WATCHID,CUSTOMERID,SERVICEID,EXITPAYMENT) values ('2','42','43','1','12');
REM INSERTING into AQUAPARK.WATCHES
SET DEFINE OFF;
Insert into AQUAPARK.WATCHES (ID,CUSTOMERID,SERVICEID) values ('6','6','1');
Insert into AQUAPARK.WATCHES (ID,CUSTOMERID,SERVICEID) values ('3','3','1');
Insert into AQUAPARK.WATCHES (ID,CUSTOMERID,SERVICEID) values ('4','4','1');
Insert into AQUAPARK.WATCHES (ID,CUSTOMERID,SERVICEID) values ('14','14','1');
Insert into AQUAPARK.WATCHES (ID,CUSTOMERID,SERVICEID) values ('15','15','1');
Insert into AQUAPARK.WATCHES (ID,CUSTOMERID,SERVICEID) values ('16','16','1');
Insert into AQUAPARK.WATCHES (ID,CUSTOMERID,SERVICEID) values ('5','5','1');
Insert into AQUAPARK.WATCHES (ID,CUSTOMERID,SERVICEID) values ('7','7','1');
Insert into AQUAPARK.WATCHES (ID,CUSTOMERID,SERVICEID) values ('8','8','1');
Insert into AQUAPARK.WATCHES (ID,CUSTOMERID,SERVICEID) values ('1','1','1');
Insert into AQUAPARK.WATCHES (ID,CUSTOMERID,SERVICEID) values ('2','2','1');
Insert into AQUAPARK.WATCHES (ID,CUSTOMERID,SERVICEID) values ('9','9','1');
Insert into AQUAPARK.WATCHES (ID,CUSTOMERID,SERVICEID) values ('10','10','1');
Insert into AQUAPARK.WATCHES (ID,CUSTOMERID,SERVICEID) values ('11','11','1');
Insert into AQUAPARK.WATCHES (ID,CUSTOMERID,SERVICEID) values ('12','12','1');
Insert into AQUAPARK.WATCHES (ID,CUSTOMERID,SERVICEID) values ('13','13','1');
Insert into AQUAPARK.WATCHES (ID,CUSTOMERID,SERVICEID) values ('17','17','1');
Insert into AQUAPARK.WATCHES (ID,CUSTOMERID,SERVICEID) values ('18','18','1');
Insert into AQUAPARK.WATCHES (ID,CUSTOMERID,SERVICEID) values ('28','28','1');
Insert into AQUAPARK.WATCHES (ID,CUSTOMERID,SERVICEID) values ('40','40','1');
Insert into AQUAPARK.WATCHES (ID,CUSTOMERID,SERVICEID) values ('41','41','1');
Insert into AQUAPARK.WATCHES (ID,CUSTOMERID,SERVICEID) values ('20','20','1');
Insert into AQUAPARK.WATCHES (ID,CUSTOMERID,SERVICEID) values ('21','21','1');
Insert into AQUAPARK.WATCHES (ID,CUSTOMERID,SERVICEID) values ('22','22','1');
Insert into AQUAPARK.WATCHES (ID,CUSTOMERID,SERVICEID) values ('23','23','1');
Insert into AQUAPARK.WATCHES (ID,CUSTOMERID,SERVICEID) values ('19','19','1');
Insert into AQUAPARK.WATCHES (ID,CUSTOMERID,SERVICEID) values ('24','24','1');
Insert into AQUAPARK.WATCHES (ID,CUSTOMERID,SERVICEID) values ('25','25','1');
Insert into AQUAPARK.WATCHES (ID,CUSTOMERID,SERVICEID) values ('26','26','1');
Insert into AQUAPARK.WATCHES (ID,CUSTOMERID,SERVICEID) values ('27','27','1');
Insert into AQUAPARK.WATCHES (ID,CUSTOMERID,SERVICEID) values ('29','29','1');
Insert into AQUAPARK.WATCHES (ID,CUSTOMERID,SERVICEID) values ('30','30','1');
Insert into AQUAPARK.WATCHES (ID,CUSTOMERID,SERVICEID) values ('31','31','1');
Insert into AQUAPARK.WATCHES (ID,CUSTOMERID,SERVICEID) values ('32','32','1');
Insert into AQUAPARK.WATCHES (ID,CUSTOMERID,SERVICEID) values ('33','33','1');
Insert into AQUAPARK.WATCHES (ID,CUSTOMERID,SERVICEID) values ('34','34','1');
Insert into AQUAPARK.WATCHES (ID,CUSTOMERID,SERVICEID) values ('35','35','1');
Insert into AQUAPARK.WATCHES (ID,CUSTOMERID,SERVICEID) values ('36','36','1');
Insert into AQUAPARK.WATCHES (ID,CUSTOMERID,SERVICEID) values ('37','37','1');
Insert into AQUAPARK.WATCHES (ID,CUSTOMERID,SERVICEID) values ('38','38','1');
Insert into AQUAPARK.WATCHES (ID,CUSTOMERID,SERVICEID) values ('39','39','1');
Insert into AQUAPARK.WATCHES (ID,CUSTOMERID,SERVICEID) values ('42','43','1');
--------------------------------------------------------
--  DDL for Index CHARGE_PK
--------------------------------------------------------

  CREATE UNIQUE INDEX "AQUAPARK"."CHARGE_PK" ON "AQUAPARK"."CHARGES" ("ID") 
  PCTFREE 10 INITRANS 2 MAXTRANS 255 COMPUTE STATISTICS 
  STORAGE(INITIAL 65536 NEXT 1048576 MINEXTENTS 1 MAXEXTENTS 2147483645
  PCTINCREASE 0 FREELISTS 1 FREELIST GROUPS 1
  BUFFER_POOL DEFAULT FLASH_CACHE DEFAULT CELL_FLASH_CACHE DEFAULT)
  TABLESPACE "USERS" ;
--------------------------------------------------------
--  DDL for Index CUSTOMERS_PK
--------------------------------------------------------

  CREATE UNIQUE INDEX "AQUAPARK"."CUSTOMERS_PK" ON "AQUAPARK"."CUSTOMERS" ("ID") 
  PCTFREE 10 INITRANS 2 MAXTRANS 255 COMPUTE STATISTICS 
  STORAGE(INITIAL 65536 NEXT 1048576 MINEXTENTS 1 MAXEXTENTS 2147483645
  PCTINCREASE 0 FREELISTS 1 FREELIST GROUPS 1
  BUFFER_POOL DEFAULT FLASH_CACHE DEFAULT CELL_FLASH_CACHE DEFAULT)
  TABLESPACE "USERS" ;
--------------------------------------------------------
--  DDL for Index ENTRANCEMETHOD_PK
--------------------------------------------------------

  CREATE UNIQUE INDEX "AQUAPARK"."ENTRANCEMETHOD_PK" ON "AQUAPARK"."ENTRANCEMETHOD" ("ID") 
  PCTFREE 10 INITRANS 2 MAXTRANS 255 COMPUTE STATISTICS 
  STORAGE(INITIAL 65536 NEXT 1048576 MINEXTENTS 1 MAXEXTENTS 2147483645
  PCTINCREASE 0 FREELISTS 1 FREELIST GROUPS 1
  BUFFER_POOL DEFAULT FLASH_CACHE DEFAULT CELL_FLASH_CACHE DEFAULT)
  TABLESPACE "USERS" ;
--------------------------------------------------------
--  DDL for Index ENTRANCE_PK
--------------------------------------------------------

  CREATE UNIQUE INDEX "AQUAPARK"."ENTRANCE_PK" ON "AQUAPARK"."ENTRANCES" ("ID") 
  PCTFREE 10 INITRANS 2 MAXTRANS 255 COMPUTE STATISTICS 
  STORAGE(INITIAL 65536 NEXT 1048576 MINEXTENTS 1 MAXEXTENTS 2147483645
  PCTINCREASE 0 FREELISTS 1 FREELIST GROUPS 1
  BUFFER_POOL DEFAULT FLASH_CACHE DEFAULT CELL_FLASH_CACHE DEFAULT)
  TABLESPACE "USERS" ;
--------------------------------------------------------
--  DDL for Index EXIT_PK
--------------------------------------------------------

  CREATE UNIQUE INDEX "AQUAPARK"."EXIT_PK" ON "AQUAPARK"."EXITS" ("ID") 
  PCTFREE 10 INITRANS 2 MAXTRANS 255 COMPUTE STATISTICS 
  STORAGE(INITIAL 65536 NEXT 1048576 MINEXTENTS 1 MAXEXTENTS 2147483645
  PCTINCREASE 0 FREELISTS 1 FREELIST GROUPS 1
  BUFFER_POOL DEFAULT FLASH_CACHE DEFAULT CELL_FLASH_CACHE DEFAULT)
  TABLESPACE "USERS" ;
--------------------------------------------------------
--  DDL for Index SERVICES_PK
--------------------------------------------------------

  CREATE UNIQUE INDEX "AQUAPARK"."SERVICES_PK" ON "AQUAPARK"."SERVICES" ("ID") 
  PCTFREE 10 INITRANS 2 MAXTRANS 255 COMPUTE STATISTICS 
  STORAGE(INITIAL 65536 NEXT 1048576 MINEXTENTS 1 MAXEXTENTS 2147483645
  PCTINCREASE 0 FREELISTS 1 FREELIST GROUPS 1
  BUFFER_POOL DEFAULT FLASH_CACHE DEFAULT CELL_FLASH_CACHE DEFAULT)
  TABLESPACE "USERS" ;
--------------------------------------------------------
--  DDL for Index TABLE1_PK
--------------------------------------------------------

  CREATE UNIQUE INDEX "AQUAPARK"."TABLE1_PK" ON "AQUAPARK"."DISCOUNTS" ("ID") 
  PCTFREE 10 INITRANS 2 MAXTRANS 255 COMPUTE STATISTICS 
  STORAGE(INITIAL 65536 NEXT 1048576 MINEXTENTS 1 MAXEXTENTS 2147483645
  PCTINCREASE 0 FREELISTS 1 FREELIST GROUPS 1
  BUFFER_POOL DEFAULT FLASH_CACHE DEFAULT CELL_FLASH_CACHE DEFAULT)
  TABLESPACE "USERS" ;
--------------------------------------------------------
--  DDL for Index TRANSACTIONTYPE_PK
--------------------------------------------------------

  CREATE UNIQUE INDEX "AQUAPARK"."TRANSACTIONTYPE_PK" ON "AQUAPARK"."TRANSACTIONTYPES" ("ID") 
  PCTFREE 10 INITRANS 2 MAXTRANS 255 COMPUTE STATISTICS 
  STORAGE(INITIAL 65536 NEXT 1048576 MINEXTENTS 1 MAXEXTENTS 2147483645
  PCTINCREASE 0 FREELISTS 1 FREELIST GROUPS 1
  BUFFER_POOL DEFAULT FLASH_CACHE DEFAULT CELL_FLASH_CACHE DEFAULT)
  TABLESPACE "USERS" ;
--------------------------------------------------------
--  DDL for Index TRANSACTION_PK
--------------------------------------------------------

  CREATE UNIQUE INDEX "AQUAPARK"."TRANSACTION_PK" ON "AQUAPARK"."TRANSACTIONS" ("ID") 
  PCTFREE 10 INITRANS 2 MAXTRANS 255 COMPUTE STATISTICS 
  STORAGE(INITIAL 65536 NEXT 1048576 MINEXTENTS 1 MAXEXTENTS 2147483645
  PCTINCREASE 0 FREELISTS 1 FREELIST GROUPS 1
  BUFFER_POOL DEFAULT FLASH_CACHE DEFAULT CELL_FLASH_CACHE DEFAULT)
  TABLESPACE "USERS" ;
--------------------------------------------------------
--  DDL for Index VISITS_PK
--------------------------------------------------------

  CREATE UNIQUE INDEX "AQUAPARK"."VISITS_PK" ON "AQUAPARK"."VISITS" ("ID") 
  PCTFREE 10 INITRANS 2 MAXTRANS 255 COMPUTE STATISTICS 
  STORAGE(INITIAL 65536 NEXT 1048576 MINEXTENTS 1 MAXEXTENTS 2147483645
  PCTINCREASE 0 FREELISTS 1 FREELIST GROUPS 1
  BUFFER_POOL DEFAULT FLASH_CACHE DEFAULT CELL_FLASH_CACHE DEFAULT)
  TABLESPACE "USERS" ;
--------------------------------------------------------
--  DDL for Index WATCH_PK
--------------------------------------------------------

  CREATE UNIQUE INDEX "AQUAPARK"."WATCH_PK" ON "AQUAPARK"."WATCHES" ("ID") 
  PCTFREE 10 INITRANS 2 MAXTRANS 255 COMPUTE STATISTICS 
  STORAGE(INITIAL 65536 NEXT 1048576 MINEXTENTS 1 MAXEXTENTS 2147483645
  PCTINCREASE 0 FREELISTS 1 FREELIST GROUPS 1
  BUFFER_POOL DEFAULT FLASH_CACHE DEFAULT CELL_FLASH_CACHE DEFAULT)
  TABLESPACE "USERS" ;
--------------------------------------------------------
--  Constraints for Table CHARGES
--------------------------------------------------------

  ALTER TABLE "AQUAPARK"."CHARGES" ADD CONSTRAINT "CHARGE_PK" PRIMARY KEY ("ID")
  USING INDEX PCTFREE 10 INITRANS 2 MAXTRANS 255 COMPUTE STATISTICS 
  STORAGE(INITIAL 65536 NEXT 1048576 MINEXTENTS 1 MAXEXTENTS 2147483645
  PCTINCREASE 0 FREELISTS 1 FREELIST GROUPS 1
  BUFFER_POOL DEFAULT FLASH_CACHE DEFAULT CELL_FLASH_CACHE DEFAULT)
  TABLESPACE "USERS"  ENABLE;
  ALTER TABLE "AQUAPARK"."CHARGES" MODIFY ("AMOUNT" NOT NULL ENABLE);
  ALTER TABLE "AQUAPARK"."CHARGES" MODIFY ("WATCHID" NOT NULL ENABLE);
--------------------------------------------------------
--  Constraints for Table SERVICES
--------------------------------------------------------

  ALTER TABLE "AQUAPARK"."SERVICES" ADD CONSTRAINT "SERVICES_PK" PRIMARY KEY ("ID")
  USING INDEX PCTFREE 10 INITRANS 2 MAXTRANS 255 COMPUTE STATISTICS 
  STORAGE(INITIAL 65536 NEXT 1048576 MINEXTENTS 1 MAXEXTENTS 2147483645
  PCTINCREASE 0 FREELISTS 1 FREELIST GROUPS 1
  BUFFER_POOL DEFAULT FLASH_CACHE DEFAULT CELL_FLASH_CACHE DEFAULT)
  TABLESPACE "USERS"  ENABLE;
  ALTER TABLE "AQUAPARK"."SERVICES" MODIFY ("NAME" NOT NULL ENABLE);
  ALTER TABLE "AQUAPARK"."SERVICES" MODIFY ("PRICEPERHOUR" NOT NULL ENABLE);
  ALTER TABLE "AQUAPARK"."SERVICES" MODIFY ("PRICEPERMINUTE" NOT NULL ENABLE);
  ALTER TABLE "AQUAPARK"."SERVICES" MODIFY ("ENTRANCEMETHODID" NOT NULL ENABLE);
--------------------------------------------------------
--  Constraints for Table DISCOUNTS
--------------------------------------------------------

  ALTER TABLE "AQUAPARK"."DISCOUNTS" MODIFY ("NAME" NOT NULL ENABLE);
  ALTER TABLE "AQUAPARK"."DISCOUNTS" MODIFY ("AMOUNT" NOT NULL ENABLE);
  ALTER TABLE "AQUAPARK"."DISCOUNTS" MODIFY ("ID" NOT NULL ENABLE);
  ALTER TABLE "AQUAPARK"."DISCOUNTS" ADD CONSTRAINT "TABLE1_PK" PRIMARY KEY ("ID")
  USING INDEX PCTFREE 10 INITRANS 2 MAXTRANS 255 COMPUTE STATISTICS 
  STORAGE(INITIAL 65536 NEXT 1048576 MINEXTENTS 1 MAXEXTENTS 2147483645
  PCTINCREASE 0 FREELISTS 1 FREELIST GROUPS 1
  BUFFER_POOL DEFAULT FLASH_CACHE DEFAULT CELL_FLASH_CACHE DEFAULT)
  TABLESPACE "USERS"  ENABLE;
--------------------------------------------------------
--  Constraints for Table TRANSACTIONS
--------------------------------------------------------

  ALTER TABLE "AQUAPARK"."TRANSACTIONS" ADD CONSTRAINT "TRANSACTION_PK" PRIMARY KEY ("ID")
  USING INDEX PCTFREE 10 INITRANS 2 MAXTRANS 255 COMPUTE STATISTICS 
  STORAGE(INITIAL 65536 NEXT 1048576 MINEXTENTS 1 MAXEXTENTS 2147483645
  PCTINCREASE 0 FREELISTS 1 FREELIST GROUPS 1
  BUFFER_POOL DEFAULT FLASH_CACHE DEFAULT CELL_FLASH_CACHE DEFAULT)
  TABLESPACE "USERS"  ENABLE;
  ALTER TABLE "AQUAPARK"."TRANSACTIONS" MODIFY ("SERVICEID" NOT NULL ENABLE);
  ALTER TABLE "AQUAPARK"."TRANSACTIONS" MODIFY ("TRANSACTIONTYPEID" NOT NULL ENABLE);
  ALTER TABLE "AQUAPARK"."TRANSACTIONS" MODIFY ("WATCHID" NOT NULL ENABLE);
  ALTER TABLE "AQUAPARK"."TRANSACTIONS" MODIFY ("TIME" NOT NULL ENABLE);
--------------------------------------------------------
--  Constraints for Table ENTRANCES
--------------------------------------------------------

  ALTER TABLE "AQUAPARK"."ENTRANCES" ADD CONSTRAINT "ENTRANCE_PK" PRIMARY KEY ("ID")
  USING INDEX PCTFREE 10 INITRANS 2 MAXTRANS 255 COMPUTE STATISTICS 
  STORAGE(INITIAL 65536 NEXT 1048576 MINEXTENTS 1 MAXEXTENTS 2147483645
  PCTINCREASE 0 FREELISTS 1 FREELIST GROUPS 1
  BUFFER_POOL DEFAULT FLASH_CACHE DEFAULT CELL_FLASH_CACHE DEFAULT)
  TABLESPACE "USERS"  ENABLE;
  ALTER TABLE "AQUAPARK"."ENTRANCES" MODIFY ("WATCHID" NOT NULL ENABLE);
  ALTER TABLE "AQUAPARK"."ENTRANCES" MODIFY ("ENTRANCEMETHODID" NOT NULL ENABLE);
  ALTER TABLE "AQUAPARK"."ENTRANCES" MODIFY ("TIME" NOT NULL ENABLE);
  ALTER TABLE "AQUAPARK"."ENTRANCES" MODIFY ("CUSTOMERID" NOT NULL ENABLE);
  ALTER TABLE "AQUAPARK"."ENTRANCES" MODIFY ("HOURS" NOT NULL ENABLE);
--------------------------------------------------------
--  Constraints for Table ENTRANCEMETHOD
--------------------------------------------------------

  ALTER TABLE "AQUAPARK"."ENTRANCEMETHOD" ADD CONSTRAINT "ENTRANCEMETHOD_PK" PRIMARY KEY ("ID")
  USING INDEX PCTFREE 10 INITRANS 2 MAXTRANS 255 COMPUTE STATISTICS 
  STORAGE(INITIAL 65536 NEXT 1048576 MINEXTENTS 1 MAXEXTENTS 2147483645
  PCTINCREASE 0 FREELISTS 1 FREELIST GROUPS 1
  BUFFER_POOL DEFAULT FLASH_CACHE DEFAULT CELL_FLASH_CACHE DEFAULT)
  TABLESPACE "USERS"  ENABLE;
  ALTER TABLE "AQUAPARK"."ENTRANCEMETHOD" MODIFY ("NAME" NOT NULL ENABLE);
--------------------------------------------------------
--  Constraints for Table VISITS
--------------------------------------------------------

  ALTER TABLE "AQUAPARK"."VISITS" MODIFY ("ID" NOT NULL ENABLE);
  ALTER TABLE "AQUAPARK"."VISITS" MODIFY ("WATCHID" NOT NULL ENABLE);
  ALTER TABLE "AQUAPARK"."VISITS" MODIFY ("CUSTOMERID" NOT NULL ENABLE);
  ALTER TABLE "AQUAPARK"."VISITS" MODIFY ("SERVICEID" NOT NULL ENABLE);
  ALTER TABLE "AQUAPARK"."VISITS" ADD CONSTRAINT "VISITS_PK" PRIMARY KEY ("ID")
  USING INDEX PCTFREE 10 INITRANS 2 MAXTRANS 255 COMPUTE STATISTICS 
  STORAGE(INITIAL 65536 NEXT 1048576 MINEXTENTS 1 MAXEXTENTS 2147483645
  PCTINCREASE 0 FREELISTS 1 FREELIST GROUPS 1
  BUFFER_POOL DEFAULT FLASH_CACHE DEFAULT CELL_FLASH_CACHE DEFAULT)
  TABLESPACE "USERS"  ENABLE;
--------------------------------------------------------
--  Constraints for Table TRANSACTIONTYPES
--------------------------------------------------------

  ALTER TABLE "AQUAPARK"."TRANSACTIONTYPES" ADD CONSTRAINT "TRANSACTIONTYPE_PK" PRIMARY KEY ("ID")
  USING INDEX PCTFREE 10 INITRANS 2 MAXTRANS 255 COMPUTE STATISTICS 
  STORAGE(INITIAL 65536 NEXT 1048576 MINEXTENTS 1 MAXEXTENTS 2147483645
  PCTINCREASE 0 FREELISTS 1 FREELIST GROUPS 1
  BUFFER_POOL DEFAULT FLASH_CACHE DEFAULT CELL_FLASH_CACHE DEFAULT)
  TABLESPACE "USERS"  ENABLE;
  ALTER TABLE "AQUAPARK"."TRANSACTIONTYPES" MODIFY ("NAME" NOT NULL ENABLE);
--------------------------------------------------------
--  Constraints for Table CUSTOMERS
--------------------------------------------------------

  ALTER TABLE "AQUAPARK"."CUSTOMERS" MODIFY ("ID" NOT NULL ENABLE);
  ALTER TABLE "AQUAPARK"."CUSTOMERS" MODIFY ("FIRSTNAME" NOT NULL ENABLE);
  ALTER TABLE "AQUAPARK"."CUSTOMERS" MODIFY ("LASTNAME" NOT NULL ENABLE);
  ALTER TABLE "AQUAPARK"."CUSTOMERS" ADD CONSTRAINT "CUSTOMERS_PK" PRIMARY KEY ("ID")
  USING INDEX PCTFREE 10 INITRANS 2 MAXTRANS 255 COMPUTE STATISTICS 
  STORAGE(INITIAL 65536 NEXT 1048576 MINEXTENTS 1 MAXEXTENTS 2147483645
  PCTINCREASE 0 FREELISTS 1 FREELIST GROUPS 1
  BUFFER_POOL DEFAULT FLASH_CACHE DEFAULT CELL_FLASH_CACHE DEFAULT)
  TABLESPACE "USERS"  ENABLE;
--------------------------------------------------------
--  Constraints for Table EXITS
--------------------------------------------------------

  ALTER TABLE "AQUAPARK"."EXITS" ADD CONSTRAINT "EXIT_PK" PRIMARY KEY ("ID")
  USING INDEX PCTFREE 10 INITRANS 2 MAXTRANS 255 COMPUTE STATISTICS 
  STORAGE(INITIAL 65536 NEXT 1048576 MINEXTENTS 1 MAXEXTENTS 2147483645
  PCTINCREASE 0 FREELISTS 1 FREELIST GROUPS 1
  BUFFER_POOL DEFAULT FLASH_CACHE DEFAULT CELL_FLASH_CACHE DEFAULT)
  TABLESPACE "USERS"  ENABLE;
  ALTER TABLE "AQUAPARK"."EXITS" MODIFY ("WATCHID" NOT NULL ENABLE);
  ALTER TABLE "AQUAPARK"."EXITS" MODIFY ("TIME" NOT NULL ENABLE);
--------------------------------------------------------
--  Constraints for Table WATCHES
--------------------------------------------------------

  ALTER TABLE "AQUAPARK"."WATCHES" ADD CONSTRAINT "WATCH_PK" PRIMARY KEY ("ID")
  USING INDEX PCTFREE 10 INITRANS 2 MAXTRANS 255 COMPUTE STATISTICS 
  STORAGE(INITIAL 65536 NEXT 1048576 MINEXTENTS 1 MAXEXTENTS 2147483645
  PCTINCREASE 0 FREELISTS 1 FREELIST GROUPS 1
  BUFFER_POOL DEFAULT FLASH_CACHE DEFAULT CELL_FLASH_CACHE DEFAULT)
  TABLESPACE "USERS"  ENABLE;
  ALTER TABLE "AQUAPARK"."WATCHES" MODIFY ("CUSTOMERID" NOT NULL ENABLE);
  ALTER TABLE "AQUAPARK"."WATCHES" MODIFY ("SERVICEID" NOT NULL ENABLE);
--------------------------------------------------------
--  Ref Constraints for Table CHARGES
--------------------------------------------------------

  ALTER TABLE "AQUAPARK"."CHARGES" ADD CONSTRAINT "WATCHID" FOREIGN KEY ("WATCHID")
	  REFERENCES "AQUAPARK"."WATCHES" ("ID") ENABLE;
--------------------------------------------------------
--  Ref Constraints for Table CUSTOMERS
--------------------------------------------------------

  ALTER TABLE "AQUAPARK"."CUSTOMERS" ADD CONSTRAINT "DISCOUNTID" FOREIGN KEY ("DISCOUNTID")
	  REFERENCES "AQUAPARK"."DISCOUNTS" ("ID") ENABLE;
--------------------------------------------------------
--  Ref Constraints for Table ENTRANCES
--------------------------------------------------------

  ALTER TABLE "AQUAPARK"."ENTRANCES" ADD CONSTRAINT "ENTRANCEMETHODID" FOREIGN KEY ("ENTRANCEMETHODID")
	  REFERENCES "AQUAPARK"."ENTRANCEMETHOD" ("ID") ENABLE;
  ALTER TABLE "AQUAPARK"."ENTRANCES" ADD CONSTRAINT "WATCHID2" FOREIGN KEY ("WATCHID")
	  REFERENCES "AQUAPARK"."WATCHES" ("ID") ENABLE;
  ALTER TABLE "AQUAPARK"."ENTRANCES" ADD CONSTRAINT "CUSTOMERID" FOREIGN KEY ("CUSTOMERID")
	  REFERENCES "AQUAPARK"."CUSTOMERS" ("ID") ENABLE;
--------------------------------------------------------
--  Ref Constraints for Table EXITS
--------------------------------------------------------

  ALTER TABLE "AQUAPARK"."EXITS" ADD CONSTRAINT "FK_WATCHID_EXIT" FOREIGN KEY ("WATCHID")
	  REFERENCES "AQUAPARK"."WATCHES" ("ID") ENABLE;
--------------------------------------------------------
--  Ref Constraints for Table SERVICES
--------------------------------------------------------

  ALTER TABLE "AQUAPARK"."SERVICES" ADD CONSTRAINT "ENMETID" FOREIGN KEY ("ENTRANCEMETHODID")
	  REFERENCES "AQUAPARK"."ENTRANCEMETHOD" ("ID") ENABLE;
--------------------------------------------------------
--  Ref Constraints for Table TRANSACTIONS
--------------------------------------------------------

  ALTER TABLE "AQUAPARK"."TRANSACTIONS" ADD CONSTRAINT "FK_TRANSACTIONTYPEID" FOREIGN KEY ("TRANSACTIONTYPEID")
	  REFERENCES "AQUAPARK"."TRANSACTIONTYPES" ("ID") ENABLE;
  ALTER TABLE "AQUAPARK"."TRANSACTIONS" ADD CONSTRAINT "FK_SERVICEID" FOREIGN KEY ("SERVICEID")
	  REFERENCES "AQUAPARK"."SERVICES" ("ID") ENABLE;
  ALTER TABLE "AQUAPARK"."TRANSACTIONS" ADD CONSTRAINT "FK_WATCHID" FOREIGN KEY ("WATCHID")
	  REFERENCES "AQUAPARK"."WATCHES" ("ID") ENABLE;
--------------------------------------------------------
--  Ref Constraints for Table VISITS
--------------------------------------------------------

  ALTER TABLE "AQUAPARK"."VISITS" ADD CONSTRAINT "WID" FOREIGN KEY ("WATCHID")
	  REFERENCES "AQUAPARK"."WATCHES" ("ID") ENABLE;
  ALTER TABLE "AQUAPARK"."VISITS" ADD CONSTRAINT "CID" FOREIGN KEY ("CUSTOMERID")
	  REFERENCES "AQUAPARK"."CUSTOMERS" ("ID") ENABLE;
  ALTER TABLE "AQUAPARK"."VISITS" ADD CONSTRAINT "SID" FOREIGN KEY ("SERVICEID")
	  REFERENCES "AQUAPARK"."SERVICES" ("ID") ENABLE;
--------------------------------------------------------
--  Ref Constraints for Table WATCHES
--------------------------------------------------------

  ALTER TABLE "AQUAPARK"."WATCHES" ADD CONSTRAINT "FK_SERVICEID_WATCH" FOREIGN KEY ("SERVICEID")
	  REFERENCES "AQUAPARK"."SERVICES" ("ID") ENABLE;
